{
  "dataset_revision": "27a168819829fe9bcd655c2df245fb19452e8e06",
  "task_name": "FiQA2018",
  "mteb_version": "1.38.2",
  "scores": {
    "test": [
      {
        "ndcg_at_1": 0.03858,
        "ndcg_at_3": 0.03777,
        "ndcg_at_5": 0.04059,
        "ndcg_at_10": 0.04842,
        "ndcg_at_20": 0.05678,
        "ndcg_at_100": 0.08631,
        "ndcg_at_1000": 0.13187,
        "map_at_1": 0.01833,
        "map_at_3": 0.02545,
        "map_at_5": 0.02806,
        "map_at_10": 0.03159,
        "map_at_20": 0.03381,
        "map_at_100": 0.03751,
        "map_at_1000": 0.03908,
        "recall_at_1": 0.01833,
        "recall_at_3": 0.03426,
        "recall_at_5": 0.04422,
        "recall_at_10": 0.06747,
        "recall_at_20": 0.09607,
        "recall_at_100": 0.22676,
        "recall_at_1000": 0.5223,
        "precision_at_1": 0.03858,
        "precision_at_3": 0.02623,
        "precision_at_5": 0.0216,
        "precision_at_10": 0.0162,
        "precision_at_20": 0.01096,
        "precision_at_100": 0.00539,
        "precision_at_1000": 0.0013,
        "mrr_at_1": 0.03858,
        "mrr_at_3": 0.052469,
        "mrr_at_5": 0.057716,
        "mrr_at_10": 0.063612,
        "mrr_at_20": 0.066653,
        "mrr_at_100": 0.071187,
        "mrr_at_1000": 0.072498,
        "nauc_ndcg_at_1_max": -0.015436,
        "nauc_ndcg_at_1_std": 0.253914,
        "nauc_ndcg_at_1_diff1": 0.166453,
        "nauc_ndcg_at_3_max": 0.009675,
        "nauc_ndcg_at_3_std": 0.232034,
        "nauc_ndcg_at_3_diff1": 0.092987,
        "nauc_ndcg_at_5_max": 0.023519,
        "nauc_ndcg_at_5_std": 0.213855,
        "nauc_ndcg_at_5_diff1": 0.098733,
        "nauc_ndcg_at_10_max": 4.2e-05,
        "nauc_ndcg_at_10_std": 0.172876,
        "nauc_ndcg_at_10_diff1": 0.061401,
        "nauc_ndcg_at_20_max": 0.001638,
        "nauc_ndcg_at_20_std": 0.173693,
        "nauc_ndcg_at_20_diff1": 0.034588,
        "nauc_ndcg_at_100_max": 0.035583,
        "nauc_ndcg_at_100_std": 0.178462,
        "nauc_ndcg_at_100_diff1": 0.050807,
        "nauc_ndcg_at_1000_max": 0.071017,
        "nauc_ndcg_at_1000_std": 0.18227,
        "nauc_ndcg_at_1000_diff1": 0.068102,
        "nauc_map_at_1_max": -0.190538,
        "nauc_map_at_1_std": 0.204275,
        "nauc_map_at_1_diff1": 0.027556,
        "nauc_map_at_3_max": -0.100997,
        "nauc_map_at_3_std": 0.232785,
        "nauc_map_at_3_diff1": 0.034671,
        "nauc_map_at_5_max": -0.069238,
        "nauc_map_at_5_std": 0.221471,
        "nauc_map_at_5_diff1": 0.045981,
        "nauc_map_at_10_max": -0.063615,
        "nauc_map_at_10_std": 0.19542,
        "nauc_map_at_10_diff1": 0.035073,
        "nauc_map_at_20_max": -0.057066,
        "nauc_map_at_20_std": 0.195054,
        "nauc_map_at_20_diff1": 0.026293,
        "nauc_map_at_100_max": -0.047717,
        "nauc_map_at_100_std": 0.195017,
        "nauc_map_at_100_diff1": 0.031215,
        "nauc_map_at_1000_max": -0.043613,
        "nauc_map_at_1000_std": 0.196208,
        "nauc_map_at_1000_diff1": 0.034058,
        "nauc_recall_at_1_max": -0.190538,
        "nauc_recall_at_1_std": 0.204275,
        "nauc_recall_at_1_diff1": 0.027556,
        "nauc_recall_at_3_max": -0.018551,
        "nauc_recall_at_3_std": 0.222496,
        "nauc_recall_at_3_diff1": 0.045642,
        "nauc_recall_at_5_max": 0.051784,
        "nauc_recall_at_5_std": 0.198102,
        "nauc_recall_at_5_diff1": 0.081432,
        "nauc_recall_at_10_max": 0.015378,
        "nauc_recall_at_10_std": 0.111243,
        "nauc_recall_at_10_diff1": 0.025252,
        "nauc_recall_at_20_max": 0.009184,
        "nauc_recall_at_20_std": 0.118457,
        "nauc_recall_at_20_diff1": -0.024886,
        "nauc_recall_at_100_max": 0.065081,
        "nauc_recall_at_100_std": 0.146662,
        "nauc_recall_at_100_diff1": 0.03556,
        "nauc_recall_at_1000_max": 0.138282,
        "nauc_recall_at_1000_std": 0.159502,
        "nauc_recall_at_1000_diff1": 0.076309,
        "nauc_precision_at_1_max": -0.015436,
        "nauc_precision_at_1_std": 0.253914,
        "nauc_precision_at_1_diff1": 0.166453,
        "nauc_precision_at_3_max": 0.115091,
        "nauc_precision_at_3_std": 0.23863,
        "nauc_precision_at_3_diff1": 0.147461,
        "nauc_precision_at_5_max": 0.129733,
        "nauc_precision_at_5_std": 0.201998,
        "nauc_precision_at_5_diff1": 0.151683,
        "nauc_precision_at_10_max": 0.07399,
        "nauc_precision_at_10_std": 0.140633,
        "nauc_precision_at_10_diff1": 0.080511,
        "nauc_precision_at_20_max": 0.079688,
        "nauc_precision_at_20_std": 0.151386,
        "nauc_precision_at_20_diff1": 0.035698,
        "nauc_precision_at_100_max": 0.124938,
        "nauc_precision_at_100_std": 0.136922,
        "nauc_precision_at_100_diff1": 0.04858,
        "nauc_precision_at_1000_max": 0.16334,
        "nauc_precision_at_1000_std": 0.070537,
        "nauc_precision_at_1000_diff1": 0.050102,
        "nauc_mrr_at_1_max": -0.015436,
        "nauc_mrr_at_1_std": 0.253914,
        "nauc_mrr_at_1_diff1": 0.166453,
        "nauc_mrr_at_3_max": 0.059073,
        "nauc_mrr_at_3_std": 0.23128,
        "nauc_mrr_at_3_diff1": 0.146339,
        "nauc_mrr_at_5_max": 0.077576,
        "nauc_mrr_at_5_std": 0.225439,
        "nauc_mrr_at_5_diff1": 0.165771,
        "nauc_mrr_at_10_max": 0.059551,
        "nauc_mrr_at_10_std": 0.208882,
        "nauc_mrr_at_10_diff1": 0.142676,
        "nauc_mrr_at_20_max": 0.056489,
        "nauc_mrr_at_20_std": 0.207053,
        "nauc_mrr_at_20_diff1": 0.130445,
        "nauc_mrr_at_100_max": 0.060285,
        "nauc_mrr_at_100_std": 0.205418,
        "nauc_mrr_at_100_diff1": 0.129296,
        "nauc_mrr_at_1000_max": 0.060282,
        "nauc_mrr_at_1000_std": 0.206302,
        "nauc_mrr_at_1000_diff1": 0.130371,
        "main_score": 0.04842,
        "hf_subset": "default",
        "languages": [
          "eng-Latn"
        ]
      }
    ]
  },
  "evaluation_time": 1073.6392698287964,
  "kg_co2_emissions": null
}