{
  "dataset_revision": "27a168819829fe9bcd655c2df245fb19452e8e06",
  "task_name": "FiQA2018",
  "mteb_version": "1.38.2",
  "scores": {
    "test": [
      {
        "ndcg_at_1": 0.00463,
        "ndcg_at_3": 0.00285,
        "ndcg_at_5": 0.00323,
        "ndcg_at_10": 0.00445,
        "ndcg_at_20": 0.00668,
        "ndcg_at_100": 0.01219,
        "ndcg_at_1000": 0.02194,
        "map_at_1": 0.00131,
        "map_at_3": 0.00142,
        "map_at_5": 0.00181,
        "map_at_10": 0.00237,
        "map_at_20": 0.00288,
        "map_at_100": 0.00346,
        "map_at_1000": 0.0037,
        "recall_at_1": 0.00131,
        "recall_at_3": 0.00153,
        "recall_at_5": 0.00346,
        "recall_at_10": 0.00754,
        "recall_at_20": 0.01531,
        "recall_at_100": 0.0392,
        "recall_at_1000": 0.10147,
        "precision_at_1": 0.00463,
        "precision_at_3": 0.00206,
        "precision_at_5": 0.00185,
        "precision_at_10": 0.00154,
        "precision_at_20": 0.00147,
        "precision_at_100": 0.0009,
        "precision_at_1000": 0.00026,
        "mrr_at_1": 0.00463,
        "mrr_at_3": 0.005401,
        "mrr_at_5": 0.006019,
        "mrr_at_10": 0.006908,
        "mrr_at_20": 0.007824,
        "mrr_at_100": 0.008999,
        "mrr_at_1000": 0.009435,
        "nauc_ndcg_at_1_max": -0.313588,
        "nauc_ndcg_at_1_std": -0.104543,
        "nauc_ndcg_at_1_diff1": 0.335308,
        "nauc_ndcg_at_3_max": -0.165136,
        "nauc_ndcg_at_3_std": -0.123077,
        "nauc_ndcg_at_3_diff1": 0.282698,
        "nauc_ndcg_at_5_max": -0.294638,
        "nauc_ndcg_at_5_std": 0.070274,
        "nauc_ndcg_at_5_diff1": 0.340383,
        "nauc_ndcg_at_10_max": -0.378388,
        "nauc_ndcg_at_10_std": 0.344933,
        "nauc_ndcg_at_10_diff1": 0.23978,
        "nauc_ndcg_at_20_max": -0.286065,
        "nauc_ndcg_at_20_std": 0.321466,
        "nauc_ndcg_at_20_diff1": 0.116616,
        "nauc_ndcg_at_100_max": -0.195715,
        "nauc_ndcg_at_100_std": 0.283226,
        "nauc_ndcg_at_100_diff1": 0.08229,
        "nauc_ndcg_at_1000_max": -0.089784,
        "nauc_ndcg_at_1000_std": 0.215565,
        "nauc_ndcg_at_1000_diff1": 0.049285,
        "nauc_map_at_1_max": -0.362556,
        "nauc_map_at_1_std": -0.026832,
        "nauc_map_at_1_diff1": 0.085143,
        "nauc_map_at_3_max": -0.283098,
        "nauc_map_at_3_std": -0.049478,
        "nauc_map_at_3_diff1": 0.103728,
        "nauc_map_at_5_max": -0.345525,
        "nauc_map_at_5_std": 0.088049,
        "nauc_map_at_5_diff1": 0.243523,
        "nauc_map_at_10_max": -0.383093,
        "nauc_map_at_10_std": 0.271843,
        "nauc_map_at_10_diff1": 0.233811,
        "nauc_map_at_20_max": -0.332528,
        "nauc_map_at_20_std": 0.270737,
        "nauc_map_at_20_diff1": 0.162748,
        "nauc_map_at_100_max": -0.302215,
        "nauc_map_at_100_std": 0.265615,
        "nauc_map_at_100_diff1": 0.137848,
        "nauc_map_at_1000_max": -0.278195,
        "nauc_map_at_1000_std": 0.257061,
        "nauc_map_at_1000_diff1": 0.130153,
        "nauc_recall_at_1_max": -0.362556,
        "nauc_recall_at_1_std": -0.026832,
        "nauc_recall_at_1_diff1": 0.085143,
        "nauc_recall_at_3_max": -0.215074,
        "nauc_recall_at_3_std": -0.068866,
        "nauc_recall_at_3_diff1": 0.119639,
        "nauc_recall_at_5_max": -0.416009,
        "nauc_recall_at_5_std": 0.301088,
        "nauc_recall_at_5_diff1": 0.475841,
        "nauc_recall_at_10_max": -0.449815,
        "nauc_recall_at_10_std": 0.610065,
        "nauc_recall_at_10_diff1": 0.261345,
        "nauc_recall_at_20_max": -0.26567,
        "nauc_recall_at_20_std": 0.431674,
        "nauc_recall_at_20_diff1": 0.032222,
        "nauc_recall_at_100_max": -0.163165,
        "nauc_recall_at_100_std": 0.310783,
        "nauc_recall_at_100_diff1": 0.033458,
        "nauc_recall_at_1000_max": -0.041551,
        "nauc_recall_at_1000_std": 0.199885,
        "nauc_recall_at_1000_diff1": 0.01684,
        "nauc_precision_at_1_max": -0.313588,
        "nauc_precision_at_1_std": -0.104543,
        "nauc_precision_at_1_diff1": 0.335308,
        "nauc_precision_at_3_max": -0.069579,
        "nauc_precision_at_3_std": -0.15815,
        "nauc_precision_at_3_diff1": 0.332705,
        "nauc_precision_at_5_max": -0.238256,
        "nauc_precision_at_5_std": 0.059124,
        "nauc_precision_at_5_diff1": 0.354109,
        "nauc_precision_at_10_max": -0.347534,
        "nauc_precision_at_10_std": 0.367964,
        "nauc_precision_at_10_diff1": 0.163308,
        "nauc_precision_at_20_max": -0.245198,
        "nauc_precision_at_20_std": 0.34113,
        "nauc_precision_at_20_diff1": 0.076093,
        "nauc_precision_at_100_max": -0.106587,
        "nauc_precision_at_100_std": 0.280762,
        "nauc_precision_at_100_diff1": 0.066395,
        "nauc_precision_at_1000_max": 0.021858,
        "nauc_precision_at_1000_std": 0.165971,
        "nauc_precision_at_1000_diff1": 0.031679,
        "nauc_mrr_at_1_max": -0.313588,
        "nauc_mrr_at_1_std": -0.104543,
        "nauc_mrr_at_1_diff1": 0.335308,
        "nauc_mrr_at_3_max": -0.174154,
        "nauc_mrr_at_3_std": -0.135175,
        "nauc_mrr_at_3_diff1": 0.333821,
        "nauc_mrr_at_5_max": -0.215329,
        "nauc_mrr_at_5_std": -0.070678,
        "nauc_mrr_at_5_diff1": 0.340292,
        "nauc_mrr_at_10_max": -0.255972,
        "nauc_mrr_at_10_std": 0.045597,
        "nauc_mrr_at_10_diff1": 0.287848,
        "nauc_mrr_at_20_max": -0.241082,
        "nauc_mrr_at_20_std": 0.077116,
        "nauc_mrr_at_20_diff1": 0.254876,
        "nauc_mrr_at_100_max": -0.215633,
        "nauc_mrr_at_100_std": 0.093738,
        "nauc_mrr_at_100_diff1": 0.224809,
        "nauc_mrr_at_1000_max": -0.201691,
        "nauc_mrr_at_1000_std": 0.091348,
        "nauc_mrr_at_1000_diff1": 0.215166,
        "main_score": 0.00445,
        "hf_subset": "default",
        "languages": [
          "eng-Latn"
        ]
      }
    ]
  },
  "evaluation_time": 1090.2580845355988,
  "kg_co2_emissions": null
}