{
  "dataset_revision": "27a168819829fe9bcd655c2df245fb19452e8e06",
  "task_name": "FiQA2018",
  "mteb_version": "1.38.2",
  "scores": {
    "test": [
      {
        "ndcg_at_1": 0.00309,
        "ndcg_at_3": 0.0034,
        "ndcg_at_5": 0.0034,
        "ndcg_at_10": 0.00421,
        "ndcg_at_20": 0.00513,
        "ndcg_at_100": 0.00862,
        "ndcg_at_1000": 0.01469,
        "map_at_1": 0.00231,
        "map_at_3": 0.00266,
        "map_at_5": 0.00271,
        "map_at_10": 0.00294,
        "map_at_20": 0.00312,
        "map_at_100": 0.00352,
        "map_at_1000": 0.00366,
        "recall_at_1": 0.00231,
        "recall_at_3": 0.00301,
        "recall_at_5": 0.00323,
        "recall_at_10": 0.0053,
        "recall_at_20": 0.00823,
        "recall_at_100": 0.02269,
        "recall_at_1000": 0.06059,
        "precision_at_1": 0.00309,
        "precision_at_3": 0.00206,
        "precision_at_5": 0.00154,
        "precision_at_10": 0.00139,
        "precision_at_20": 0.00108,
        "precision_at_100": 0.00057,
        "precision_at_1000": 0.00017,
        "mrr_at_1": 0.003086,
        "mrr_at_3": 0.00463,
        "mrr_at_5": 0.004938,
        "mrr_at_10": 0.005611,
        "mrr_at_20": 0.00601,
        "mrr_at_100": 0.006985,
        "mrr_at_1000": 0.007288,
        "nauc_ndcg_at_1_max": 0.043419,
        "nauc_ndcg_at_1_std": -0.262568,
        "nauc_ndcg_at_1_diff1": 0.464637,
        "nauc_ndcg_at_3_max": -0.199806,
        "nauc_ndcg_at_3_std": -0.136055,
        "nauc_ndcg_at_3_diff1": 0.246756,
        "nauc_ndcg_at_5_max": -0.18412,
        "nauc_ndcg_at_5_std": -0.165832,
        "nauc_ndcg_at_5_diff1": 0.261271,
        "nauc_ndcg_at_10_max": -0.082783,
        "nauc_ndcg_at_10_std": -0.097417,
        "nauc_ndcg_at_10_diff1": 0.189084,
        "nauc_ndcg_at_20_max": -0.019507,
        "nauc_ndcg_at_20_std": -0.015693,
        "nauc_ndcg_at_20_diff1": 0.123159,
        "nauc_ndcg_at_100_max": 0.000803,
        "nauc_ndcg_at_100_std": 0.074401,
        "nauc_ndcg_at_100_diff1": 0.04189,
        "nauc_ndcg_at_1000_max": 0.001274,
        "nauc_ndcg_at_1000_std": 0.070589,
        "nauc_ndcg_at_1000_diff1": 0.004714,
        "nauc_map_at_1_max": -0.162924,
        "nauc_map_at_1_std": -0.243767,
        "nauc_map_at_1_diff1": 0.286182,
        "nauc_map_at_3_max": -0.200796,
        "nauc_map_at_3_std": -0.196682,
        "nauc_map_at_3_diff1": 0.244575,
        "nauc_map_at_5_max": -0.200884,
        "nauc_map_at_5_std": -0.196837,
        "nauc_map_at_5_diff1": 0.245883,
        "nauc_map_at_10_max": -0.158927,
        "nauc_map_at_10_std": -0.167052,
        "nauc_map_at_10_diff1": 0.222902,
        "nauc_map_at_20_max": -0.136337,
        "nauc_map_at_20_std": -0.132223,
        "nauc_map_at_20_diff1": 0.198923,
        "nauc_map_at_100_max": -0.11865,
        "nauc_map_at_100_std": -0.091427,
        "nauc_map_at_100_diff1": 0.169812,
        "nauc_map_at_1000_max": -0.115709,
        "nauc_map_at_1000_std": -0.084086,
        "nauc_map_at_1000_diff1": 0.161083,
        "nauc_recall_at_1_max": -0.162924,
        "nauc_recall_at_1_std": -0.243767,
        "nauc_recall_at_1_diff1": 0.286182,
        "nauc_recall_at_3_max": -0.229929,
        "nauc_recall_at_3_std": -0.160463,
        "nauc_recall_at_3_diff1": 0.212569,
        "nauc_recall_at_5_max": -0.228307,
        "nauc_recall_at_5_std": -0.163583,
        "nauc_recall_at_5_diff1": 0.220236,
        "nauc_recall_at_10_max": -0.017338,
        "nauc_recall_at_10_std": -0.03465,
        "nauc_recall_at_10_diff1": 0.102252,
        "nauc_recall_at_20_max": 0.040794,
        "nauc_recall_at_20_std": 0.151383,
        "nauc_recall_at_20_diff1": 0.00968,
        "nauc_recall_at_100_max": 0.04496,
        "nauc_recall_at_100_std": 0.205833,
        "nauc_recall_at_100_diff1": -0.045845,
        "nauc_recall_at_1000_max": 0.019199,
        "nauc_recall_at_1000_std": 0.118943,
        "nauc_recall_at_1000_diff1": -0.050942,
        "nauc_precision_at_1_max": 0.043419,
        "nauc_precision_at_1_std": -0.262568,
        "nauc_precision_at_1_diff1": 0.464637,
        "nauc_precision_at_3_max": -0.207282,
        "nauc_precision_at_3_std": -0.045415,
        "nauc_precision_at_3_diff1": 0.233799,
        "nauc_precision_at_5_max": -0.207059,
        "nauc_precision_at_5_std": -0.077565,
        "nauc_precision_at_5_diff1": 0.252019,
        "nauc_precision_at_10_max": 0.016461,
        "nauc_precision_at_10_std": 0.031399,
        "nauc_precision_at_10_diff1": 0.071581,
        "nauc_precision_at_20_max": 0.177069,
        "nauc_precision_at_20_std": 0.069399,
        "nauc_precision_at_20_diff1": -0.036319,
        "nauc_precision_at_100_max": 0.067081,
        "nauc_precision_at_100_std": 0.110925,
        "nauc_precision_at_100_diff1": -0.075372,
        "nauc_precision_at_1000_max": 0.049914,
        "nauc_precision_at_1000_std": 0.05954,
        "nauc_precision_at_1000_diff1": -0.05719,
        "nauc_mrr_at_1_max": 0.043419,
        "nauc_mrr_at_1_std": -0.262568,
        "nauc_mrr_at_1_diff1": 0.464637,
        "nauc_mrr_at_3_max": -0.123715,
        "nauc_mrr_at_3_std": -0.117799,
        "nauc_mrr_at_3_diff1": 0.310745,
        "nauc_mrr_at_5_max": -0.128868,
        "nauc_mrr_at_5_std": -0.123322,
        "nauc_mrr_at_5_diff1": 0.31163,
        "nauc_mrr_at_10_max": -0.076527,
        "nauc_mrr_at_10_std": -0.085835,
        "nauc_mrr_at_10_diff1": 0.258919,
        "nauc_mrr_at_20_max": -0.041534,
        "nauc_mrr_at_20_std": -0.061547,
        "nauc_mrr_at_20_diff1": 0.229633,
        "nauc_mrr_at_100_max": -0.035607,
        "nauc_mrr_at_100_std": -0.028811,
        "nauc_mrr_at_100_diff1": 0.186556,
        "nauc_mrr_at_1000_max": -0.035593,
        "nauc_mrr_at_1000_std": -0.023619,
        "nauc_mrr_at_1000_diff1": 0.176636,
        "main_score": 0.00421,
        "hf_subset": "default",
        "languages": [
          "eng-Latn"
        ]
      }
    ]
  },
  "evaluation_time": 1077.0788934230804,
  "kg_co2_emissions": null
}