{
  "dataset_revision": "27a168819829fe9bcd655c2df245fb19452e8e06",
  "task_name": "FiQA2018",
  "mteb_version": "1.38.2",
  "scores": {
    "test": [
      {
        "ndcg_at_1": 0.00154,
        "ndcg_at_3": 0.00072,
        "ndcg_at_5": 0.0006,
        "ndcg_at_10": 0.00088,
        "ndcg_at_20": 0.001,
        "ndcg_at_100": 0.00174,
        "ndcg_at_1000": 0.00584,
        "map_at_1": 0.00039,
        "map_at_3": 0.00039,
        "map_at_5": 0.00039,
        "map_at_10": 0.00046,
        "map_at_20": 0.00048,
        "map_at_100": 0.00054,
        "map_at_1000": 0.00062,
        "recall_at_1": 0.00039,
        "recall_at_3": 0.00039,
        "recall_at_5": 0.00039,
        "recall_at_10": 0.00116,
        "recall_at_20": 0.00147,
        "recall_at_100": 0.00439,
        "recall_at_1000": 0.0311,
        "precision_at_1": 0.00154,
        "precision_at_3": 0.00051,
        "precision_at_5": 0.00031,
        "precision_at_10": 0.00031,
        "precision_at_20": 0.00023,
        "precision_at_100": 0.00015,
        "precision_at_1000": 9e-05,
        "mrr_at_1": 0.001543,
        "mrr_at_3": 0.001543,
        "mrr_at_5": 0.001543,
        "mrr_at_10": 0.001698,
        "mrr_at_20": 0.001775,
        "mrr_at_100": 0.001969,
        "mrr_at_1000": 0.00216,
        "nauc_ndcg_at_1_max": 0.662448,
        "nauc_ndcg_at_1_std": -0.070727,
        "nauc_ndcg_at_1_diff1": 0.324896,
        "nauc_ndcg_at_3_max": 0.662448,
        "nauc_ndcg_at_3_std": -0.070727,
        "nauc_ndcg_at_3_diff1": 0.324896,
        "nauc_ndcg_at_5_max": 0.662448,
        "nauc_ndcg_at_5_std": -0.070727,
        "nauc_ndcg_at_5_diff1": 0.324896,
        "nauc_ndcg_at_10_max": 0.767849,
        "nauc_ndcg_at_10_std": -0.204874,
        "nauc_ndcg_at_10_diff1": 0.093667,
        "nauc_ndcg_at_20_max": 0.755227,
        "nauc_ndcg_at_20_std": -0.230111,
        "nauc_ndcg_at_20_diff1": 0.161777,
        "nauc_ndcg_at_100_max": 0.549376,
        "nauc_ndcg_at_100_std": -0.096295,
        "nauc_ndcg_at_100_diff1": 0.054765,
        "nauc_ndcg_at_1000_max": 0.155619,
        "nauc_ndcg_at_1000_std": 0.030792,
        "nauc_ndcg_at_1000_diff1": 0.004758,
        "nauc_map_at_1_max": 0.662448,
        "nauc_map_at_1_std": -0.070727,
        "nauc_map_at_1_diff1": 0.324896,
        "nauc_map_at_3_max": 0.662448,
        "nauc_map_at_3_std": -0.070727,
        "nauc_map_at_3_diff1": 0.324896,
        "nauc_map_at_5_max": 0.662448,
        "nauc_map_at_5_std": -0.070727,
        "nauc_map_at_5_diff1": 0.324896,
        "nauc_map_at_10_max": 0.718707,
        "nauc_map_at_10_std": -0.142329,
        "nauc_map_at_10_diff1": 0.201475,
        "nauc_map_at_20_max": 0.716892,
        "nauc_map_at_20_std": -0.151145,
        "nauc_map_at_20_diff1": 0.216345,
        "nauc_map_at_100_max": 0.671462,
        "nauc_map_at_100_std": -0.131008,
        "nauc_map_at_100_diff1": 0.183038,
        "nauc_map_at_1000_max": 0.59666,
        "nauc_map_at_1000_std": -0.117879,
        "nauc_map_at_1000_diff1": 0.140342,
        "nauc_recall_at_1_max": 0.662448,
        "nauc_recall_at_1_std": -0.070727,
        "nauc_recall_at_1_diff1": 0.324896,
        "nauc_recall_at_3_max": 0.662448,
        "nauc_recall_at_3_std": -0.070727,
        "nauc_recall_at_3_diff1": 0.324896,
        "nauc_recall_at_5_max": 0.662448,
        "nauc_recall_at_5_std": -0.070727,
        "nauc_recall_at_5_diff1": 0.324896,
        "nauc_recall_at_10_max": 0.887483,
        "nauc_recall_at_10_std": -0.357136,
        "nauc_recall_at_10_diff1": -0.168786,
        "nauc_recall_at_20_max": 0.840107,
        "nauc_recall_at_20_std": -0.36945,
        "nauc_recall_at_20_diff1": 0.00621,
        "nauc_recall_at_100_max": 0.507836,
        "nauc_recall_at_100_std": -0.102958,
        "nauc_recall_at_100_diff1": -0.070906,
        "nauc_recall_at_1000_max": 0.024124,
        "nauc_recall_at_1000_std": 0.091036,
        "nauc_recall_at_1000_diff1": -0.013379,
        "nauc_precision_at_1_max": 0.662448,
        "nauc_precision_at_1_std": -0.070727,
        "nauc_precision_at_1_diff1": 0.324896,
        "nauc_precision_at_3_max": 0.662448,
        "nauc_precision_at_3_std": -0.070727,
        "nauc_precision_at_3_diff1": 0.324896,
        "nauc_precision_at_5_max": 0.662448,
        "nauc_precision_at_5_std": -0.070727,
        "nauc_precision_at_5_diff1": 0.324896,
        "nauc_precision_at_10_max": 0.831224,
        "nauc_precision_at_10_std": -0.285534,
        "nauc_precision_at_10_diff1": -0.045366,
        "nauc_precision_at_20_max": 0.774965,
        "nauc_precision_at_20_std": -0.328898,
        "nauc_precision_at_20_diff1": 0.190572,
        "nauc_precision_at_100_max": 0.380773,
        "nauc_precision_at_100_std": 0.006403,
        "nauc_precision_at_100_diff1": 0.023694,
        "nauc_precision_at_1000_max": 0.084226,
        "nauc_precision_at_1000_std": 0.041754,
        "nauc_precision_at_1000_diff1": -0.001274,
        "nauc_mrr_at_1_max": 0.662448,
        "nauc_mrr_at_1_std": -0.070727,
        "nauc_mrr_at_1_diff1": 0.324896,
        "nauc_mrr_at_3_max": 0.662448,
        "nauc_mrr_at_3_std": -0.070727,
        "nauc_mrr_at_3_diff1": 0.324896,
        "nauc_mrr_at_5_max": 0.662448,
        "nauc_mrr_at_5_std": -0.070727,
        "nauc_mrr_at_5_diff1": 0.324896,
        "nauc_mrr_at_10_max": 0.693134,
        "nauc_mrr_at_10_std": -0.109783,
        "nauc_mrr_at_10_diff1": 0.257575,
        "nauc_mrr_at_20_max": 0.6918,
        "nauc_mrr_at_20_std": -0.12308,
        "nauc_mrr_at_20_diff1": 0.275179,
        "nauc_mrr_at_100_max": 0.628252,
        "nauc_mrr_at_100_std": -0.092742,
        "nauc_mrr_at_100_diff1": 0.239293,
        "nauc_mrr_at_1000_max": 0.580363,
        "nauc_mrr_at_1000_std": -0.084355,
        "nauc_mrr_at_1000_diff1": 0.216342,
        "main_score": 0.00088,
        "hf_subset": "default",
        "languages": [
          "eng-Latn"
        ]
      }
    ]
  },
  "evaluation_time": 1065.5405023097992,
  "kg_co2_emissions": null
}