{
  "dataset_revision": "27a168819829fe9bcd655c2df245fb19452e8e06",
  "task_name": "FiQA2018",
  "mteb_version": "1.38.2",
  "scores": {
    "test": [
      {
        "ndcg_at_1": 0.00154,
        "ndcg_at_3": 0.00132,
        "ndcg_at_5": 0.00132,
        "ndcg_at_10": 0.00119,
        "ndcg_at_20": 0.00132,
        "ndcg_at_100": 0.00226,
        "ndcg_at_1000": 0.00652,
        "map_at_1": 0.00022,
        "map_at_3": 0.00061,
        "map_at_5": 0.00065,
        "map_at_10": 0.00065,
        "map_at_20": 0.00067,
        "map_at_100": 0.00077,
        "map_at_1000": 0.00085,
        "recall_at_1": 0.00022,
        "recall_at_3": 0.00099,
        "recall_at_5": 0.00121,
        "recall_at_10": 0.00121,
        "recall_at_20": 0.0016,
        "recall_at_100": 0.00539,
        "recall_at_1000": 0.03215,
        "precision_at_1": 0.00154,
        "precision_at_3": 0.00103,
        "precision_at_5": 0.00093,
        "precision_at_10": 0.00046,
        "precision_at_20": 0.00031,
        "precision_at_100": 0.00019,
        "precision_at_1000": 0.0001,
        "mrr_at_1": 0.001543,
        "mrr_at_3": 0.002315,
        "mrr_at_5": 0.002623,
        "mrr_at_10": 0.002623,
        "mrr_at_20": 0.002701,
        "mrr_at_100": 0.002916,
        "mrr_at_1000": 0.003154,
        "nauc_ndcg_at_1_max": -0.206164,
        "nauc_ndcg_at_1_std": -0.206164,
        "nauc_ndcg_at_1_diff1": -0.318971,
        "nauc_ndcg_at_3_max": 0.186328,
        "nauc_ndcg_at_3_std": -0.373103,
        "nauc_ndcg_at_3_diff1": -0.362646,
        "nauc_ndcg_at_5_max": 0.18583,
        "nauc_ndcg_at_5_std": -0.291607,
        "nauc_ndcg_at_5_diff1": -0.324595,
        "nauc_ndcg_at_10_max": 0.231331,
        "nauc_ndcg_at_10_std": -0.31872,
        "nauc_ndcg_at_10_diff1": -0.333285,
        "nauc_ndcg_at_20_max": 0.217575,
        "nauc_ndcg_at_20_std": -0.337557,
        "nauc_ndcg_at_20_diff1": -0.306054,
        "nauc_ndcg_at_100_max": 0.207817,
        "nauc_ndcg_at_100_std": -0.312358,
        "nauc_ndcg_at_100_diff1": -0.234751,
        "nauc_ndcg_at_1000_max": 0.005835,
        "nauc_ndcg_at_1000_std": -0.072623,
        "nauc_ndcg_at_1000_diff1": -0.031873,
        "nauc_map_at_1_max": -0.206164,
        "nauc_map_at_1_std": -0.206164,
        "nauc_map_at_1_diff1": -0.318971,
        "nauc_map_at_3_max": 0.346589,
        "nauc_map_at_3_std": -0.441266,
        "nauc_map_at_3_diff1": -0.380479,
        "nauc_map_at_5_max": 0.309114,
        "nauc_map_at_5_std": -0.389323,
        "nauc_map_at_5_diff1": -0.359479,
        "nauc_map_at_10_max": 0.309114,
        "nauc_map_at_10_std": -0.389323,
        "nauc_map_at_10_diff1": -0.359479,
        "nauc_map_at_20_max": 0.303053,
        "nauc_map_at_20_std": -0.392521,
        "nauc_map_at_20_diff1": -0.351161,
        "nauc_map_at_100_max": 0.271024,
        "nauc_map_at_100_std": -0.376375,
        "nauc_map_at_100_diff1": -0.337288,
        "nauc_map_at_1000_max": 0.232215,
        "nauc_map_at_1000_std": -0.339406,
        "nauc_map_at_1000_diff1": -0.304917,
        "nauc_recall_at_1_max": -0.206164,
        "nauc_recall_at_1_std": -0.206164,
        "nauc_recall_at_1_diff1": -0.318971,
        "nauc_recall_at_3_max": 0.469423,
        "nauc_recall_at_3_std": -0.493511,
        "nauc_recall_at_3_diff1": -0.394148,
        "nauc_recall_at_5_max": 0.346589,
        "nauc_recall_at_5_std": -0.34471,
        "nauc_recall_at_5_diff1": -0.335344,
        "nauc_recall_at_10_max": 0.346589,
        "nauc_recall_at_10_std": -0.34471,
        "nauc_recall_at_10_diff1": -0.335344,
        "nauc_recall_at_20_max": 0.286754,
        "nauc_recall_at_20_std": -0.382276,
        "nauc_recall_at_20_diff1": -0.271471,
        "nauc_recall_at_100_max": 0.204041,
        "nauc_recall_at_100_std": -0.318885,
        "nauc_recall_at_100_diff1": -0.21198,
        "nauc_recall_at_1000_max": -0.066745,
        "nauc_recall_at_1000_std": 0.02144,
        "nauc_recall_at_1000_diff1": 0.067018,
        "nauc_precision_at_1_max": -0.206164,
        "nauc_precision_at_1_std": -0.206164,
        "nauc_precision_at_1_diff1": -0.318971,
        "nauc_precision_at_3_max": 0.228142,
        "nauc_precision_at_3_std": -0.390887,
        "nauc_precision_at_3_diff1": -0.367299,
        "nauc_precision_at_5_max": 0.083373,
        "nauc_precision_at_5_std": -0.152293,
        "nauc_precision_at_5_diff1": -0.268442,
        "nauc_precision_at_10_max": 0.083373,
        "nauc_precision_at_10_std": -0.152293,
        "nauc_precision_at_10_diff1": -0.268442,
        "nauc_precision_at_20_max": 0.087205,
        "nauc_precision_at_20_std": -0.239305,
        "nauc_precision_at_20_diff1": -0.219013,
        "nauc_precision_at_100_max": 0.246875,
        "nauc_precision_at_100_std": -0.276014,
        "nauc_precision_at_100_diff1": -0.087417,
        "nauc_precision_at_1000_max": 0.012194,
        "nauc_precision_at_1000_std": -0.036853,
        "nauc_precision_at_1000_diff1": 0.01954,
        "nauc_mrr_at_1_max": -0.206164,
        "nauc_mrr_at_1_std": -0.206164,
        "nauc_mrr_at_1_diff1": -0.318971,
        "nauc_mrr_at_3_max": 0.083373,
        "nauc_mrr_at_3_std": -0.329313,
        "nauc_mrr_at_3_diff1": -0.35119,
        "nauc_mrr_at_5_max": 0.04931,
        "nauc_mrr_at_5_std": -0.252347,
        "nauc_mrr_at_5_diff1": -0.318194,
        "nauc_mrr_at_10_max": 0.04931,
        "nauc_mrr_at_10_std": -0.252347,
        "nauc_mrr_at_10_diff1": -0.318194,
        "nauc_mrr_at_20_max": 0.050721,
        "nauc_mrr_at_20_std": -0.259433,
        "nauc_mrr_at_20_diff1": -0.311124,
        "nauc_mrr_at_100_max": 0.063648,
        "nauc_mrr_at_100_std": -0.255231,
        "nauc_mrr_at_100_diff1": -0.290264,
        "nauc_mrr_at_1000_max": 0.050413,
        "nauc_mrr_at_1000_std": -0.235709,
        "nauc_mrr_at_1000_diff1": -0.267393,
        "main_score": 0.00119,
        "hf_subset": "default",
        "languages": [
          "eng-Latn"
        ]
      }
    ]
  },
  "evaluation_time": 536.7446422576904,
  "kg_co2_emissions": null
}